"existing_resource_id","existing_resource_name","current_category","current_rarity","current_discovery_tier","current_planet_profile_references","current_runtime_references","current_economy_references","current_crafting_references","current_research_references","proposed_primary_category","proposed_subcategory","proposed_secondary_categories","proposed_tags","resource_type","keep_as_resource","move_to_discoveries","discovery_category","existing_discovery_match","duplicate_candidate","periodic_element_match","atomic_number","migration_required","replacement_resource_id","replacement_discovery_id","save_compatibility_risk","notes"
"RES-0001","Stone","Mineral","Common","Earth","22","1","1","2","0","Rocks and Geological Materials","Rock Types","","Mineral;Common;Earth","Rock","true","false","","","false","false","","false","RES-0001","","Low: stable ID preserved","Canonical record retained."
"RES-0002","Sand","Mineral","Common","Earth","14","1","1","2","0","Rocks and Geological Materials","Sediments and Soils","","Mineral;Common;Earth","Rock","true","false","","","false","false","","false","RES-0002","","Low: stable ID preserved","Canonical record retained."
"RES-0003","Clay","Mineral","Common","Earth","10","1","1","2","0","Rocks and Geological Materials","Sediments and Soils","","Mineral;Common;Earth","Rock","true","false","","","false","false","","false","RES-0003","","Low: stable ID preserved","Canonical record retained."
"RES-0004","Soil","Organic/Mineral","Common","Earth","5","1","1","2","0","Rocks and Geological Materials","Sediments and Soils","","Organic/Mineral;Common;Earth","Rock","true","false","","","false","false","","false","RES-0004","","Low: stable ID preserved","Canonical record retained."
"RES-0005","Wood","Organic","Common","Earth","8","1","1","2","0","Organic Materials","Plant Fibers","","Organic;Common;Earth","Organic","true","false","","","false","false","","false","RES-0005","","Low: stable ID preserved","Canonical record retained."
"RES-0006","Fresh Water","Liquid","Common","Earth","13","1","1","2","0","Liquids","Fresh and Atmospheric Water","","Liquid;Common;Earth","Liquid","true","false","","","false","false","","false","RES-0006","","Low: stable ID preserved","Canonical record retained."
"RES-0007","Salt","Mineral","Common","Earth","6","1","1","2","0","Chemicals and Compounds","Salts","","Mineral;Common;Earth","Compound","true","false","","","false","false","","false","RES-0007","","Low: stable ID preserved","Canonical record retained."
"RES-0008","Limestone","Mineral","Common","Earth","12","1","1","2","0","Rocks and Geological Materials","Rock Types","","Mineral;Common;Earth","Rock","true","false","","","false","false","","false","RES-0008","","Low: stable ID preserved","Canonical record retained."
"RES-0009","Coal","Fuel","Common","Earth","2","1","1","2","0","Fuels","Fossil Fuels","","Fuel;Common;Earth","Fuel","true","false","","","false","false","","false","RES-0009","","Low: stable ID preserved","Canonical record retained."
"RES-0010","Iron","Metal","Common","Earth","46","1","1","2","0","Elements","Transition Metal","","Metal;Common;Earth;Transition Metal;Fe","Element","true","false","","","false","true","26","false","RES-0010","","Low: stable ID preserved","Canonical record retained."
"RES-0011","Copper","Metal","Common","Earth","25","1","1","2","0","Elements","Transition Metal","","Metal;Common;Earth;Transition Metal;Cu","Element","true","false","","","false","true","29","false","RES-0011","","Low: stable ID preserved","Canonical record retained."
"RES-0012","Tin","Metal","Common","Earth","0","1","1","2","0","Elements","Post-Transition Metal","","Metal;Common;Earth;Post-Transition Metal;Sn","Element","true","false","","","false","true","50","false","RES-0012","","Low: stable ID preserved","Canonical record retained."
"RES-0013","Lead","Metal","Common","Earth","0","1","1","2","0","Elements","Post-Transition Metal","","Metal;Common;Earth;Post-Transition Metal;Pb","Element","true","false","","","false","true","82","false","RES-0013","","Low: stable ID preserved","Canonical record retained."
"RES-0014","Zinc","Metal","Common","Earth","0","1","1","2","0","Elements","Transition Metal","","Metal;Common;Earth;Transition Metal;Zn","Element","true","false","","","false","true","30","false","RES-0014","","Low: stable ID preserved","Canonical record retained."
"RES-0015","Sulfur","Chemical","Common","Earth","23","1","1","2","0","Elements","Reactive Nonmetal","","Chemical;Common;Earth;Reactive Nonmetal;S","Element","true","false","","","false","true","16","false","RES-0015","","Low: stable ID preserved","Canonical record retained."
"RES-0016","Quartz","Crystal","Uncommon","Earth","16","1","1","1","0","Crystals","Industrial Crystals","","Crystal;Uncommon;Earth","Crystal","true","false","","","false","false","","false","RES-0016","","Low: stable ID preserved","Canonical record retained."
"RES-0017","Granite","Mineral","Uncommon","Earth","2","1","1","1","0","Rocks and Geological Materials","Rock Types","","Mineral;Uncommon;Earth","Rock","true","false","","","false","false","","false","RES-0017","","Low: stable ID preserved","Canonical record retained."
"RES-0018","Basalt","Mineral","Uncommon","Earth","14","1","1","1","0","Rocks and Geological Materials","Rock Types","","Mineral;Uncommon;Earth","Rock","true","false","","","false","false","","false","RES-0018","","Low: stable ID preserved","Canonical record retained."
"RES-0019","Marble","Mineral","Uncommon","Earth","0","1","1","1","0","Rocks and Geological Materials","Rock Types","","Mineral;Uncommon;Earth","Rock","true","false","","","false","false","","false","RES-0019","","Low: stable ID preserved","Canonical record retained."
"RES-0020","Obsidian","Mineral/Glass","Uncommon","Earth","5","1","1","1","0","Rocks and Geological Materials","Natural Glass","","Mineral/Glass;Uncommon;Earth","Rock","true","false","","","false","false","","false","RES-0020","","Low: stable ID preserved","Canonical record retained."
"RES-0021","Graphite","Carbon","Uncommon","Earth","0","1","1","1","0","Minerals","Carbon Minerals","","Carbon;Uncommon;Earth","Mineral","true","false","","","false","false","","false","RES-0021","","Low: stable ID preserved","Canonical record retained."
"RES-0022","Aluminum","Metal","Uncommon","Earth","0","1","1","1","0","Elements","Post-Transition Metal","","Metal;Uncommon;Earth;Post-Transition Metal;Al","Element","true","false","","","false","true","13","false","RES-0022","","Low: stable ID preserved","Canonical record retained."
"RES-0023","Nickel","Metal","Uncommon","Earth","16","1","1","1","0","Elements","Transition Metal","","Metal;Uncommon;Earth;Transition Metal;Ni","Element","true","false","","","false","true","28","false","RES-0023","","Low: stable ID preserved","Canonical record retained."
"RES-0024","Silver","Metal","Uncommon","Earth","10","1","1","1","0","Elements","Transition Metal","","Metal;Uncommon;Earth;Transition Metal;Ag","Element","true","false","","","false","true","47","false","RES-0024","","Low: stable ID preserved","Canonical record retained."
"RES-0025","Gold","Metal","Uncommon","Earth","34","1","1","1","0","Elements","Transition Metal","","Metal;Uncommon;Earth;Transition Metal;Au","Element","true","false","","","false","true","79","false","RES-0025","","Low: stable ID preserved","Canonical record retained."
"RES-0026","Lithium","Metal","Uncommon","Earth","16","1","1","1","0","Elements","Alkali Metal","","Metal;Uncommon;Earth;Alkali Metal;Li","Element","true","false","","","false","true","3","false","RES-0026","","Low: stable ID preserved","Canonical record retained."
"RES-0027","Silicon","Element","Uncommon","Earth","26","1","1","1","0","Elements","Metalloid","","Element;Uncommon;Earth;Metalloid;Si","Element","true","false","","","false","true","14","false","RES-0027","","Low: stable ID preserved","Canonical record retained."
"RES-0028","Phosphorus","Chemical","Uncommon","Earth","3","1","1","1","0","Elements","Reactive Nonmetal","","Chemical;Uncommon;Earth;Reactive Nonmetal;P","Element","true","false","","","false","true","15","false","RES-0028","","Low: stable ID preserved","Canonical record retained."
"RES-0029","Natural Gas","Fuel","Uncommon","Earth","0","1","1","1","0","Fuels","Gaseous Fuels","","Fuel;Uncommon;Earth","Fuel","true","false","","","false","false","","false","RES-0029","","Low: stable ID preserved","Canonical record retained."
"RES-0030","Oil","Fuel","Uncommon","Earth","0","1","1","1","0","Liquids","Hydrocarbon Liquids","","Fuel;Uncommon;Earth","Liquid","true","false","","","false","false","","false","RES-0030","","Low: stable ID preserved","Canonical record retained."
"RES-0031","Titanium","Metal","Rare","Earth","35","1","0","1","0","Elements","Transition Metal","","Metal;Rare;Earth;Transition Metal;Ti","Element","true","false","","","false","true","22","false","RES-0031","","Low: stable ID preserved","Canonical record retained."
"RES-0032","Platinum","Metal","Rare","Earth","3","1","0","1","0","Elements","Transition Metal","","Metal;Rare;Earth;Transition Metal;Pt","Element","true","false","","","false","true","78","false","RES-0032","","Low: stable ID preserved","Canonical record retained."
"RES-0033","Palladium","Metal","Rare","Earth","0","1","0","1","0","Elements","Transition Metal","","Metal;Rare;Earth;Transition Metal;Pd","Element","true","false","","","false","true","46","false","RES-0033","","Low: stable ID preserved","Canonical record retained."
"RES-0034","Iridium","Metal","Rare","Earth","3","1","0","1","0","Elements","Transition Metal","","Metal;Rare;Earth;Transition Metal;Ir","Element","true","false","","","false","true","77","false","RES-0034","","Low: stable ID preserved","Canonical record retained."
"RES-0035","Chromium","Metal","Rare","Earth","1","1","0","1","0","Elements","Transition Metal","","Metal;Rare;Earth;Transition Metal;Cr","Element","true","false","","","false","true","24","false","RES-0035","","Low: stable ID preserved","Canonical record retained."
"RES-0036","Cobalt","Metal","Rare","Earth","3","1","0","1","0","Elements","Transition Metal","","Metal;Rare;Earth;Transition Metal;Co","Element","true","false","","","false","true","27","false","RES-0036","","Low: stable ID preserved","Canonical record retained."
"RES-0037","Tungsten","Metal","Rare","Earth","0","1","0","1","0","Elements","Transition Metal","","Metal;Rare;Earth;Transition Metal;W","Element","true","false","","","false","true","74","false","RES-0037","","Low: stable ID preserved","Canonical record retained."
"RES-0038","Rare Earth Elements","Element Group","Rare","Earth","22","1","0","1","0","Ores","Critical Metal Ores","","Element Group;Rare;Earth","Ore","true","false","","","false","false","","false","RES-0038","","Low: stable ID preserved","Canonical record retained."
"RES-0039","Uranium","Radioactive","Rare","Earth","25","1","0","1","0","Elements","Actinide","","Radioactive;Rare;Earth;Actinide;U","Element","true","false","","","false","true","92","false","RES-0039","","Low: stable ID preserved","Canonical record retained."
"RES-0040","Industrial Diamond","Crystal/Carbon","Rare","Earth","5","1","0","1","0","Crystals","Industrial Crystals","","Crystal/Carbon;Rare;Earth","Crystal","true","false","","","false","false","","false","RES-0040","","Low: stable ID preserved","Canonical record retained."
"RES-0041","Water Ice","Ice","Uncommon","Planetary","9","1","1","0","0","Ices and Frozen Volatiles","Water Ice","","Ice;Uncommon;Planetary","Ice","true","false","","","false","false","","false","RES-0041","","Low: stable ID preserved","Canonical record retained."
"RES-0042","Regolith","Mineral","Uncommon","Planetary","3","1","1","0","0","Rocks and Geological Materials","Sediments and Soils","","Mineral;Uncommon;Planetary","Rock","true","false","","","false","false","","false","RES-0042","","Low: stable ID preserved","Canonical record retained."
"RES-0043","Ammonia Ice","Ice/Chemical","Uncommon","Planetary","1","1","1","0","0","Ices and Frozen Volatiles","Frozen Volatiles","","Ice/Chemical;Uncommon;Planetary","Ice","true","false","","","false","false","","false","RES-0043","","Low: stable ID preserved","Canonical record retained."
"RES-0044","Methane Ice","Ice/Fuel","Uncommon","Planetary","1","1","1","0","0","Ices and Frozen Volatiles","Frozen Volatiles","","Ice/Fuel;Uncommon;Planetary","Ice","true","false","","","false","false","","false","RES-0044","","Low: stable ID preserved","Canonical record retained."
"RES-0045","Nitrogen Ice","Ice/Chemical","Uncommon","Planetary","5","1","1","0","0","Ices and Frozen Volatiles","Frozen Volatiles","","Ice/Chemical;Uncommon;Planetary","Ice","true","false","","","false","false","","false","RES-0045","","Low: stable ID preserved","Canonical record retained."
"RES-0046","Methane Hydrates","Fuel","Uncommon","Planetary","3","1","1","0","0","Fuels","Gaseous Fuels","","Fuel;Uncommon;Planetary","Fuel","true","false","","","false","false","","false","RES-0046","","Low: stable ID preserved","Canonical record retained."
"RES-0047","Heavy Water","Liquid","Uncommon","Planetary","12","1","1","0","0","Liquids","Specialized Water","","Liquid;Uncommon;Planetary","Liquid","true","false","","","false","false","","false","RES-0047","","Low: stable ID preserved","Canonical record retained."
"RES-0048","Deuterium","Isotope","Uncommon","Planetary","8","1","1","0","0","Isotopes","Hydrogen Isotopes","","Isotope;Uncommon;Planetary","Isotope","true","false","","","false","false","","false","RES-0048","","Low: stable ID preserved","Canonical record retained."
"RES-0049","Helium-3","Isotope","Uncommon","Planetary","14","1","1","0","0","Isotopes","Helium and Solar Isotopes","","Isotope;Uncommon;Planetary","Isotope","true","false","","","false","false","","false","RES-0049","","Low: stable ID preserved","Canonical record retained."
"RES-0050","Metallic Hydrogen","Exotic Fuel","Uncommon","Planetary","1","1","1","0","0","Fuels","High-Pressure Fuels","","Exotic Fuel;Uncommon;Planetary","Fuel","true","false","","","false","false","","false","RES-0050","","Low: stable ID preserved","Canonical record retained."
"RES-0051","Meteoric Iron","Metal","Uncommon","Planetary","3","1","1","0","0","Minerals","Metallic Minerals","","Metal;Uncommon;Planetary","Mineral","true","false","","","false","false","","false","RES-0051","","Low: stable ID preserved","Canonical record retained."
"RES-0052","Solar Wind Isotopes","Isotope","Uncommon","Planetary","1","1","1","0","0","Isotopes","Helium and Solar Isotopes","","Isotope;Uncommon;Planetary","Isotope","true","false","","","false","false","","false","RES-0052","","Low: stable ID preserved","Canonical record retained."
"RES-0053","Manganese Nodules","Metal/Ocean","Uncommon","Planetary","1","1","1","0","0","Ores","Metal Ores","","Metal/Ocean;Uncommon;Planetary","Ore","true","false","","","false","false","","false","RES-0053","","Low: stable ID preserved","Canonical record retained."
"RES-0054","Coral","Organic/Mineral","Uncommon","Planetary","3","1","1","0","0","Biological Materials","Coral Materials","","Organic/Mineral;Uncommon;Planetary","Biological","true","false","","","false","false","","false","RES-0054","","Low: stable ID preserved","Canonical record retained."
"RES-0055","Calcium","Element","Uncommon","Planetary","2","1","1","0","0","Elements","Alkaline Earth Metal","","Element;Uncommon;Planetary;Alkaline Earth Metal;Ca","Element","true","false","","","false","true","20","false","RES-0055","","Low: stable ID preserved","Canonical record retained."
"RES-0056","Magnetite","Mineral","Uncommon","Planetary","3","1","1","0","0","Minerals","Oxide Minerals","","Mineral;Uncommon;Planetary","Mineral","true","false","","","false","false","","false","RES-0056","","Low: stable ID preserved","Canonical record retained."
"RES-0057","Alien Organics","Organic","Epic","Alien","30","1","1","0","0","Organic Materials","Organic Compounds","","Organic;Epic;Alien","Organic","true","false","","","false","false","","false","RES-0057","","Low: stable ID preserved","Canonical record retained."
"RES-0058","Living Biomass","Biological","Epic","Alien","19","1","1","0","0","Biological Materials","Biomass","","Biological;Epic;Alien","Biological","true","false","","","false","false","","false","RES-0058","","Low: stable ID preserved","Canonical record retained."
"RES-0059","Bio Gel","Biological","Epic","Alien","19","1","1","0","0","Biological Materials","Biomass","","Biological;Epic;Alien","Biological","true","false","","","false","false","","false","RES-0059","","Low: stable ID preserved","Canonical record retained."
"RES-0060","Genetic Material","Biological","Epic","Alien","7","1","1","0","0","Biological Materials","Genetic Materials","","Biological;Epic;Alien","Biological","true","false","","","false","false","","false","RES-0060","","Low: stable ID preserved","Canonical record retained."
"RES-0061","Alien Genome","Biological","Epic","Alien","15","1","1","0","0","Biological Materials","Genetic Materials","","Biological;Epic;Alien","Biological","true","false","","","false","false","","false","RES-0061","","Low: stable ID preserved","Canonical record retained."
"RES-0062","Organic Polymer","Organic","Epic","Alien","2","1","1","0","0","Organic Materials","Biopolymers and Resins","","Organic;Epic;Alien","Organic","true","false","","","false","false","","false","RES-0062","","Low: stable ID preserved","Canonical record retained."
"RES-0063","Neural Tissue","Biological","Epic","Alien","3","1","1","0","0","Biological Materials","Biological Tissues","","Biological;Epic;Alien","Biological","true","false","","","false","false","","false","RES-0063","","Low: stable ID preserved","Canonical record retained."
"RES-0064","Chitin","Organic","Epic","Alien","1","1","1","0","0","Organic Materials","Structural Organics","","Organic;Epic;Alien","Organic","true","false","","","false","false","","false","RES-0064","","Low: stable ID preserved","Canonical record retained."
"RES-0065","Hive Resin","Organic","Epic","Alien","1","1","1","0","0","Organic Materials","Biopolymers and Resins","","Organic;Epic;Alien","Organic","true","false","","","false","false","","false","RES-0065","","Low: stable ID preserved","Canonical record retained."
"RES-0066","Fungal Matter","Organic","Epic","Alien","2","1","1","0","0","Organic Materials","Fungal Materials","","Organic;Epic;Alien","Organic","true","false","","","false","false","","false","RES-0066","","Low: stable ID preserved","Canonical record retained."
"RES-0067","Mycelium Fiber","Organic","Epic","Alien","1","1","1","0","0","Organic Materials","Plant Fibers","","Organic;Epic;Alien","Organic","true","false","","","false","false","","false","RES-0067","","Low: stable ID preserved","Canonical record retained."
"RES-0068","Living Coral","Organic/Mineral","Epic","Alien","5","1","1","0","0","Biological Materials","Coral Materials","","Organic/Mineral;Epic;Alien","Biological","true","false","","","false","false","","false","RES-0068","","Low: stable ID preserved","Canonical record retained."
"RES-0069","World Tree Fiber","Biological","Epic","Alien","1","1","1","0","0","Biological Materials","Structural Biomaterials","","Biological;Epic;Alien","Biological","true","false","","","false","false","","false","RES-0069","","Low: stable ID preserved","Canonical record retained."
"RES-0070","Living Roots","Biological","Epic","Alien","4","1","1","0","0","Biological Materials","Structural Biomaterials","","Biological;Epic;Alien","Biological","true","false","","","false","false","","false","RES-0070","","Low: stable ID preserved","Canonical record retained."
"RES-0071","Mutagen","Biochemical","Epic","Alien","1","1","1","0","0","Biological Materials","Biochemical Agents","","Biochemical;Epic;Alien","Biological","true","false","","","false","false","","false","RES-0071","","Low: stable ID preserved","Canonical record retained."
"RES-0072","Parasitic Tissue","Biological","Epic","Alien","1","1","1","0","0","Biological Materials","Biological Tissues","","Biological;Epic;Alien","Biological","true","false","","","false","false","","false","RES-0072","","Low: stable ID preserved","Canonical record retained."
"RES-0073","Cellular Tissue","Biological","Epic","Alien","1","1","1","0","0","Biological Materials","Biological Tissues","","Biological;Epic;Alien","Biological","true","false","","","false","false","","false","RES-0073","","Low: stable ID preserved","Canonical record retained."
"RES-0074","Bioluminescent Organics","Organic","Epic","Alien","1","1","1","0","0","Organic Materials","Organic Compounds","","Organic;Epic;Alien","Organic","true","false","","","false","false","","false","RES-0074","","Low: stable ID preserved","Canonical record retained."
"RES-0075","Alien Spores","Organic","Epic","Alien","1","1","1","0","0","Organic Materials","Organic Compounds","","Organic;Epic;Alien","Organic","true","false","","","false","false","","false","RES-0075","","Low: stable ID preserved","Canonical record retained."
"RES-0076","Atmospheric Organics","Organic/Gas","Epic","Alien","1","1","1","0","0","Gases","Biological Gases","","Organic/Gas;Epic;Alien","Gas","true","false","","","false","false","","false","RES-0076","","Low: stable ID preserved","Canonical record retained."
"RES-0077","Crystal","Crystal","Rare","Alien","3","1","0","1","1","Crystals","General Crystals","","Crystal;Rare;Alien","Crystal","true","false","","","false","false","","false","RES-0077","","Low: stable ID preserved","Canonical record retained."
"RES-0078","Rare Crystal","Crystal","Rare","Alien","45","1","0","1","1","Crystals","General Crystals","","Crystal;Rare;Alien","Crystal","true","false","","","false","false","","false","RES-0078","","Low: stable ID preserved","Canonical record retained."
"RES-0079","Energy Crystal","Crystal/Energy","Rare","Alien","17","1","0","1","1","Crystals","Energy Crystals","","Crystal/Energy;Rare;Alien","Crystal","true","false","","","false","false","","false","RES-0079","","Low: stable ID preserved","Canonical record retained."
"RES-0080","Void Crystal","Crystal/Cosmic","Rare","Alien","6","1","0","1","1","Crystals","Exotic Crystals","","Crystal/Cosmic;Rare;Alien","Crystal","true","false","geological","GEO-0027","false","false","","false","RES-0080","","Low: stable ID preserved","Canonical record retained."
"RES-0081","Dark Crystal","Crystal","Rare","Alien","3","1","0","1","1","Crystals","Exotic Crystals","","Crystal;Rare;Alien","Crystal","true","false","","","false","false","","false","RES-0081","","Low: stable ID preserved","Canonical record retained."
"RES-0082","Prismatic Crystal","Crystal","Rare","Alien","1","1","0","1","1","Crystals","Exotic Crystals","","Crystal;Rare;Alien","Crystal","true","false","","","false","false","","false","RES-0082","","Low: stable ID preserved","Canonical record retained."
"RES-0083","Amethyst Crystal","Crystal","Rare","Alien","1","1","0","1","1","Crystals","Gemstones","","Crystal;Rare;Alien","Crystal","true","false","","","false","false","","false","RES-0083","","Low: stable ID preserved","Canonical record retained."
"RES-0084","Emerald Crystal","Crystal","Rare","Alien","1","1","0","1","1","Crystals","Gemstones","","Crystal;Rare;Alien","Crystal","true","false","","","false","false","","false","RES-0084","","Low: stable ID preserved","Canonical record retained."
"RES-0085","Sapphire Crystal","Crystal","Rare","Alien","1","1","0","1","1","Crystals","Gemstones","","Crystal;Rare;Alien","Crystal","true","false","","","false","false","","false","RES-0085","","Low: stable ID preserved","Canonical record retained."
"RES-0086","Cryo Crystal","Crystal/Ice","Rare","Alien","7","1","0","1","1","Crystals","Cryogenic Crystals","","Crystal/Ice;Rare;Alien","Crystal","true","false","","","false","false","","false","RES-0086","","Low: stable ID preserved","Canonical record retained."
"RES-0087","Magma Crystal","Crystal/Lava","Rare","Alien","2","1","0","1","1","Crystals","Volcanic Crystals","","Crystal/Lava;Rare;Alien","Crystal","true","false","","","false","false","","false","RES-0087","","Low: stable ID preserved","Canonical record retained."
"RES-0088","Obsidian Crystal","Crystal/Glass","Rare","Alien","1","1","0","1","1","Crystals","Volcanic Crystals","","Crystal/Glass;Rare;Alien","Crystal","true","false","rare-collections-and-wonders","WON-0587","false","false","","false","RES-0088","","Low: stable ID preserved","Canonical record retained."
"RES-0089","Photon Glass","Crystal/Energy","Rare","Alien","2","1","0","1","1","Crystals","Energy Crystals","","Crystal/Energy;Rare;Alien","Crystal","true","false","","","false","false","","false","RES-0089","","Low: stable ID preserved","Canonical record retained."
"RES-0090","Lightstone","Crystal/Energy","Rare","Alien","1","1","0","1","1","Crystals","Energy Crystals","","Crystal/Energy;Rare;Alien","Crystal","true","false","","","false","false","","false","RES-0090","","Low: stable ID preserved","Canonical record retained."
"RES-0091","Steel Alloy","Synthetic Metal","Epic","Ancient","2","1","0","1","0","Alloys and Engineered Materials","Structural Alloys","","Synthetic Metal;Epic;Ancient","Alloy","true","false","","","false","false","","false","RES-0091","","Low: stable ID preserved","Canonical record retained."
"RES-0092","Structural Alloy","Synthetic Metal","Epic","Ancient","2","1","0","1","0","Alloys and Engineered Materials","Structural Alloys","","Synthetic Metal;Epic;Ancient","Alloy","true","false","","","false","false","","false","RES-0092","","Low: stable ID preserved","Canonical record retained."
"RES-0093","Armor Alloy","Synthetic Metal","Epic","Ancient","1","1","0","1","0","Alloys and Engineered Materials","Armor Alloys","","Synthetic Metal;Epic;Ancient","Alloy","true","false","","","false","false","","false","RES-0093","","Low: stable ID preserved","Canonical record retained."
"RES-0094","Hyper Alloy","Synthetic Metal","Epic","Ancient","2","1","0","1","0","Alloys and Engineered Materials","Advanced Alloys","","Synthetic Metal;Epic;Ancient","Alloy","true","false","","","false","false","","false","RES-0094","","Low: stable ID preserved","Canonical record retained."
"RES-0095","Living Metal","Bio-Metal","Epic","Ancient","6","1","0","1","0","Alloys and Engineered Materials","Living Metals","","Bio-Metal;Epic;Ancient","Alloy","true","false","","","false","false","","false","RES-0095","","Low: stable ID preserved","Canonical record retained."
"RES-0096","Synthetic Matter","Synthetic","Epic","Ancient","1","1","0","1","0","Synthetic and Nanotechnology Materials","Synthetic Matter","","Synthetic;Epic;Ancient","Synthetic Material","true","false","","","false","false","","false","RES-0096","","Low: stable ID preserved","Canonical record retained."
"RES-0097","Nano Fiber","Synthetic","Epic","Ancient","1","1","0","1","0","Synthetic and Nanotechnology Materials","Nanomaterials","","Synthetic;Epic;Ancient","Synthetic Material","true","false","","","false","false","","false","RES-0097","","Low: stable ID preserved","Canonical record retained."
"RES-0098","Self-Replicating Nanites","Synthetic","Epic","Ancient","1","1","0","1","0","Synthetic and Nanotechnology Materials","Nanomachines","","Synthetic;Epic;Ancient","Synthetic Material","true","false","","","false","false","","false","RES-0098","","Low: stable ID preserved","Canonical record retained."
"RES-0099","Machine Parts","Synthetic","Epic","Ancient","1","1","0","1","0","Manufactured Components","Mechanical Components","","Synthetic;Epic;Ancient","Manufactured Component","true","false","","","false","false","","false","RES-0099","","Low: stable ID preserved","Canonical record retained."
"RES-0100","Circuitry","Synthetic/Electronics","Epic","Ancient","1","1","0","1","0","Manufactured Components","Electronics","","Synthetic/Electronics;Epic;Ancient","Manufactured Component","true","false","","","false","false","","false","RES-0100","","Low: stable ID preserved","Canonical record retained."
"RES-0101","Data Crystal","Synthetic/Information","Epic","Ancient","3","1","0","1","0","Crystals","Information and Field Crystals","","Synthetic/Information;Epic;Ancient","Crystal","true","false","","","false","false","","false","RES-0101","","Low: stable ID preserved","Canonical record retained."
"RES-0102","Quantum Core","Synthetic/Energy","Epic","Ancient","5","1","0","1","0","Exotic Matter","Quantum Matter","","Synthetic/Energy;Epic;Ancient","Exotic Matter","true","false","unknown-objects","UNK-0324","false","false","","false","RES-0102","","Low: stable ID preserved","Canonical record retained."
"RES-0103","Neural Matrix","Synthetic/Biological","Epic","Ancient","2","1","0","1","0","Synthetic and Nanotechnology Materials","Synthetic Intelligence Materials","","Synthetic/Biological;Epic;Ancient","Synthetic Material","true","false","","","false","false","","false","RES-0103","","Low: stable ID preserved","Canonical record retained."
"RES-0104","Machine Consciousness","Synthetic/AI","Epic","Ancient","3","1","0","1","0","Synthetic and Nanotechnology Materials","Synthetic Intelligence Materials","","Synthetic/AI;Epic;Ancient","Synthetic Material","true","false","","","false","false","","false","RES-0104","","Low: stable ID preserved","Canonical record retained."
"RES-0105","Singularity Core","Synthetic/Cosmic","Epic","Ancient","4","1","0","1","0","Exotic Matter","Singularity Matter","","Synthetic/Cosmic;Epic;Ancient","Exotic Matter","true","false","","","false","false","","false","RES-0105","","Low: stable ID preserved","Canonical record retained."
"RES-0106","Ancient Alloy","Ancient Metal","Relic","Ancient","12","1","0","0","1","Alloys and Engineered Materials","Ancient Alloys","","Ancient Metal;Relic;Ancient","Alloy","true","false","","","false","false","","false","RES-0106","","Low: stable ID preserved","Canonical record retained."
"RES-0107","Precursor Metal","Ancient Metal","Relic","Ancient","0","1","0","0","1","Alloys and Engineered Materials","Ancient Alloys","","Ancient Metal;Relic;Ancient","Alloy","true","false","","","false","false","","false","RES-0107","","Low: stable ID preserved","Canonical record retained."
"RES-0126","Dark Matter","Cosmic","Legendary","Cosmic","6","1","0","0","1","Exotic Matter","Dark and Negative Matter","","Cosmic;Legendary","Exotic Matter","true","false","","","false","false","","false","RES-0126","","Low: stable ID preserved","Canonical record retained."
"RES-0127","Exotic Matter","Cosmic","Legendary","Cosmic","8","1","0","0","1","Exotic Matter","General Exotic Matter","","Cosmic;Legendary","Exotic Matter","true","false","","","false","false","","false","RES-0127","","Low: stable ID preserved","Canonical record retained."
"RES-0128","Quantum Ore","Cosmic Ore","Legendary","Cosmic","22","1","0","0","1","Ores","Exotic Ores","","Cosmic Ore;Legendary;Cosmic","Ore","true","false","","","false","false","","false","RES-0128","","Low: stable ID preserved","Canonical record retained."
"RES-0129","Quantum Foam","Cosmic","Legendary","Cosmic","2","1","0","0","1","Exotic Matter","Quantum Matter","","Cosmic;Legendary","Exotic Matter","true","false","","","false","false","","false","RES-0129","","Low: stable ID preserved","Canonical record retained."
"RES-0130","Collapsed Matter","Cosmic","Legendary","Cosmic","2","1","0","0","1","Exotic Matter","General Exotic Matter","","Cosmic;Legendary","Exotic Matter","true","false","","","false","false","","false","RES-0130","","Low: stable ID preserved","Canonical record retained."
"RES-0131","Gravity Crystal","Cosmic Crystal","Legendary","Cosmic","7","1","0","0","1","Crystals","Information and Field Crystals","","Cosmic Crystal;Legendary;Cosmic","Crystal","true","false","","","false","false","","false","RES-0131","","Low: stable ID preserved","Canonical record retained."
"RES-0132","Gravitonium","Cosmic Element","Legendary","Cosmic","0","1","0","0","1","Exotic Matter","Gravitic Matter","","Cosmic Element;Legendary;Cosmic","Exotic Matter","true","false","","","false","false","","false","RES-0132","","Low: stable ID preserved","Canonical record retained."
"RES-0133","Void Essence","Cosmic","Legendary","Cosmic","3","1","0","0","1","Exotic Matter","Void Matter","","Cosmic;Legendary","Exotic Matter","true","false","","","false","false","","false","RES-0133","","Low: stable ID preserved","Canonical record retained."
"RES-0134","Void Heart","Cosmic Core","Legendary","Cosmic","4","1","0","0","1","Exotic Matter","Void Matter","","Cosmic Core;Legendary;Cosmic","Exotic Matter","true","false","","","false","false","","false","RES-0134","","Low: stable ID preserved","Canonical record retained."
"RES-0135","Reality Fragment","Cosmic","Legendary","Cosmic","7","1","0","0","1","Exotic Matter","Reality-Bending Matter","","Cosmic;Legendary","Exotic Matter","true","false","","","false","false","","false","RES-0135","","Low: stable ID preserved","Canonical record retained."
"RES-0136","Dimensional Alloy","Cosmic Metal","Legendary","Cosmic","0","1","0","0","1","Alloys and Engineered Materials","Advanced Alloys","","Cosmic Metal;Legendary;Cosmic","Alloy","true","false","","","false","false","","false","RES-0136","","Low: stable ID preserved","Canonical record retained."
"RES-0137","Chrono Crystal","Cosmic Crystal","Legendary","Cosmic","2","1","0","0","1","Crystals","Information and Field Crystals","","Cosmic Crystal;Legendary;Cosmic","Crystal","true","false","","","false","false","","false","RES-0137","","Low: stable ID preserved","Canonical record retained."
"RES-0138","Temporal Shard","Cosmic","Legendary","Cosmic","0","1","0","0","1","Exotic Matter","Temporal Matter","","Cosmic;Legendary","Exotic Matter","true","false","unknown-objects","UNK-0508","false","false","","false","RES-0138","","Low: stable ID preserved","Canonical record retained."
"RES-0139","Singularity Fragment","Cosmic","Legendary","Cosmic","3","1","0","0","1","Exotic Matter","Singularity Matter","","Cosmic;Legendary","Exotic Matter","true","false","","","false","false","","false","RES-0139","","Low: stable ID preserved","Canonical record retained."
"RES-0140","Event Horizon Fragment","Cosmic","Legendary","Cosmic","2","1","0","0","1","Exotic Matter","Singularity Matter","","Cosmic;Legendary","Exotic Matter","true","false","","","false","false","","false","RES-0140","","Low: stable ID preserved","Canonical record retained."
"RES-0141","Black Hole Residue","Cosmic","Legendary","Cosmic","1","1","0","0","1","Exotic Matter","Singularity Matter","","Cosmic;Legendary","Exotic Matter","true","false","","","false","false","","false","RES-0141","","Low: stable ID preserved","Canonical record retained."
"RES-0142","Stellar Fragment","Cosmic","Legendary","Cosmic","4","1","0","0","1","Exotic Matter","Stellar Remnants","","Cosmic;Legendary","Exotic Matter","true","false","","","false","false","","false","RES-0142","","Low: stable ID preserved","Canonical record retained."
"RES-0143","Stellar Plasma","Energy","Legendary","Cosmic","0","1","0","0","1","Energy Materials","Plasma Materials","","Energy;Legendary;Cosmic","Energy Material","true","false","","","false","false","","false","RES-0143","","Low: stable ID preserved","Canonical record retained."
"RES-0144","Storm Plasma","Energy","Legendary","Cosmic","3","1","0","0","1","Energy Materials","Plasma Materials","","Energy;Legendary;Cosmic","Energy Material","true","false","","","false","false","","false","RES-0144","","Low: stable ID preserved","Canonical record retained."
"RES-0145","Plasma","Energy","Legendary","Cosmic","6","1","0","0","1","Energy Materials","Plasma Materials","","Energy;Legendary;Cosmic","Energy Material","true","false","","","false","false","","false","RES-0145","","Low: stable ID preserved","Canonical record retained."
"RES-0146","Ion Gas","Gas/Energy","Legendary","Cosmic","7","1","0","0","1","Gases","Ionized Gases","","Gas/Energy;Legendary;Cosmic","Gas","true","false","","","false","false","","false","RES-0146","","Low: stable ID preserved","Canonical record retained."
"RES-0147","Exotic Gas","Gas","Legendary","Cosmic","8","1","0","0","1","Gases","Exotic Gases","","Gas;Legendary;Cosmic","Gas","true","false","","","false","false","","false","RES-0147","","Low: stable ID preserved","Canonical record retained."
"RES-0148","Alien Gas","Gas","Legendary","Cosmic","3","1","0","0","1","Gases","Exotic Gases","","Gas;Legendary;Cosmic","Gas","true","false","","","false","false","","false","RES-0148","","Low: stable ID preserved","Canonical record retained."
"RES-0149","Quantum Gas","Gas/Cosmic","Legendary","Cosmic","1","1","0","0","1","Gases","Exotic Gases","","Gas/Cosmic;Legendary;Cosmic","Gas","true","false","","","false","false","","false","RES-0149","","Low: stable ID preserved","Canonical record retained."
"RES-0150","Zero Point Crystal","Energy Crystal","Legendary","Cosmic","5","1","0","0","1","Crystals","Energy Crystals","","Energy Crystal;Legendary;Cosmic","Crystal","true","false","","","false","false","","false","RES-0150","","Low: stable ID preserved","Canonical record retained."
"RES-0151","Infinite Energy","Energy","Legendary","Cosmic","2","1","0","0","1","Energy Materials","Infinite Energy","","Energy;Legendary;Cosmic","Energy Material","true","false","","","false","false","","false","RES-0151","","Low: stable ID preserved","Canonical record retained."
"RES-0152","Photon Core","Energy Core","Legendary","Cosmic","1","1","0","0","1","Energy Materials","Condensed Energy Cores","","Energy Core;Legendary;Cosmic","Energy Material","true","false","","","false","false","","false","RES-0152","","Low: stable ID preserved","Canonical record retained."
"RES-0153","Plasma Core","Energy Core","Legendary","Cosmic","2","1","0","0","1","Energy Materials","Plasma Materials","","Energy Core;Legendary;Cosmic","Energy Material","true","false","","","false","false","","false","RES-0153","","Low: stable ID preserved","Canonical record retained."
"RES-0154","Electromagnetic Core","Energy Core","Legendary","Cosmic","1","1","0","0","1","Energy Materials","Condensed Energy Cores","","Energy Core;Legendary;Cosmic","Energy Material","true","false","","","false","false","","false","RES-0154","","Low: stable ID preserved","Canonical record retained."
"RES-0155","Lightning Core","Energy Core","Legendary","Cosmic","1","1","0","0","1","Energy Materials","Condensed Energy Cores","","Energy Core;Legendary;Cosmic","Energy Material","true","false","","","false","false","","false","RES-0155","","Low: stable ID preserved","Canonical record retained."
"RES-0156","Charge Core","Energy Core","Legendary","Cosmic","1","1","0","0","1","Energy Materials","Condensed Energy Cores","","Energy Core;Legendary;Cosmic","Energy Material","true","false","","","false","false","","false","RES-0156","","Low: stable ID preserved","Canonical record retained."
"RES-0157","Proto Matter","Primordial","Mythic","Primordial","6","1","0","0","1","Primordial Matter","Prime Matter","","Primordial;Mythic","Primordial Matter","true","false","","","false","false","","false","RES-0157","","Low: stable ID preserved","Canonical record retained."
"RES-0158","Planet Seed","Primordial","Mythic","Primordial","2","1","0","0","1","Primordial Matter","World Seeds","","Primordial;Mythic","Primordial Matter","true","false","","","false","false","","false","RES-0158","","Low: stable ID preserved","Canonical record retained."
"RES-0159","Ancient Core","Primordial/Core","Mythic","Primordial","4","1","0","0","1","Primordial Matter","Prime Matter","","Primordial/Core;Mythic;Primordial","Primordial Matter","true","false","","","false","false","","false","RES-0159","","Low: stable ID preserved","Canonical record retained."
"RES-0160","Core Fragment","Primordial/Core","Mythic","Primordial","1","1","0","0","1","Primordial Matter","Prime Matter","","Primordial/Core;Mythic;Primordial","Primordial Matter","true","false","","","false","false","","false","RES-0160","","Low: stable ID preserved","Canonical record retained."
"RES-0161","Molten Rock","Primordial/Mineral","Mythic","Primordial","3","1","0","0","1","Primordial Matter","Prime Matter","","Primordial/Mineral;Mythic;Primordial","Primordial Matter","true","false","","","false","false","","false","RES-0161","","Low: stable ID preserved","Canonical record retained."
"RES-0162","Fresh Crust","Primordial/Mineral","Mythic","Primordial","1","1","0","0","1","Primordial Matter","Prime Matter","","Primordial/Mineral;Mythic;Primordial","Primordial Matter","true","false","","","false","false","","false","RES-0162","","Low: stable ID preserved","Canonical record retained."
"RES-0163","Volcanic Ash","Mineral","Mythic","Primordial","3","1","0","0","1","Rocks and Geological Materials","Volcanic Materials","","Mineral;Mythic;Primordial","Rock","true","false","","","false","false","","false","RES-0163","","Low: stable ID preserved","Canonical record retained."
"RES-0164","Meteoric Carbon","Carbon","Mythic","Primordial","0","1","0","0","1","Minerals","Carbon Minerals","","Carbon;Mythic;Primordial","Mineral","true","false","","","false","false","","false","RES-0164","","Low: stable ID preserved","Canonical record retained."
"RES-0165","Proto Water","Liquid","Mythic","Primordial","1","1","0","0","1","Liquids","Specialized Water","","Liquid;Mythic;Primordial","Liquid","true","false","","","false","false","","false","RES-0165","","Low: stable ID preserved","Canonical record retained."
"RES-0166","Genesis Seed Trace","Genesis Trace","Mythic","Primordial","2","1","0","0","1","Genesis Matter","Genesis Seeds","","Genesis Trace;Mythic;Primordial","Genesis Matter","true","false","","","false","false","","false","RES-0166","","Low: stable ID preserved","Canonical record retained."
"RES-0167","Genesis Core","Genesis","Genesis","Genesis","0","1","0","0","1","Genesis Matter","Genesis Cores","","Genesis","Genesis Matter","true","false","","","false","false","","false","RES-0167","","Low: stable ID preserved","Canonical record retained."
"RES-0168","Genesis Seed","Genesis","Genesis","Genesis","3","1","0","0","1","Genesis Matter","Genesis Seeds","","Genesis","Genesis Matter","true","false","","","false","false","","false","RES-0168","","Low: stable ID preserved","Canonical record retained."
"RES-0169","Genesis Crystal","Genesis","Genesis","Genesis","0","1","0","0","1","Genesis Matter","Genesis Crystals","","Genesis","Genesis Matter","true","false","","","false","false","","false","RES-0169","","Low: stable ID preserved","Canonical record retained."
"RES-0170","Genesis Alloy","Genesis","Genesis","Genesis","0","1","0","0","1","Genesis Matter","Genesis Alloys","","Genesis","Genesis Matter","true","false","","","false","false","","false","RES-0170","","Low: stable ID preserved","Canonical record retained."
"RES-0171","Genesis Biomass","Genesis","Genesis","Genesis","6","1","0","0","1","Genesis Matter","Genesis Biological Matter","","Genesis","Genesis Matter","true","false","","","false","false","","false","RES-0171","","Low: stable ID preserved","Canonical record retained."
"RES-0172","Genesis Genome","Genesis","Genesis","Genesis","1","1","0","0","1","Genesis Matter","Genesis Biological Matter","","Genesis","Genesis Matter","true","false","","","false","false","","false","RES-0172","","Low: stable ID preserved","Canonical record retained."
"RES-0173","Genesis Matrix","Genesis","Genesis","Genesis","0","1","0","0","1","Genesis Matter","Genesis Matrices","","Genesis","Genesis Matter","true","false","","","false","false","","false","RES-0173","","Low: stable ID preserved","Canonical record retained."
"RES-0174","Genesis Heart","Genesis","Genesis","Genesis","0","1","0","0","1","Genesis Matter","Genesis Cores","","Genesis","Genesis Matter","true","false","","","false","false","","false","RES-0174","","Low: stable ID preserved","Canonical record retained."
"RES-0175","Genesis Energy","Genesis","Genesis","Genesis","0","1","0","0","1","Genesis Matter","Genesis Energy","","Genesis","Genesis Matter","true","false","","","false","false","","false","RES-0175","","Low: stable ID preserved","Canonical record retained."
"RES-0176","Genesis Memory","Genesis","Genesis","Genesis","0","1","0","0","1","Genesis Matter","Genesis Matrices","","Genesis","Genesis Matter","true","false","","","false","false","","false","RES-0176","","Low: stable ID preserved","Canonical record retained."
"RES-0177","Hydrogen","Gas","Common","Space","8","1","1","1","1","Elements","Reactive Nonmetal","[object Object]","Gas;Common;Space;Reactive Nonmetal;H","Element","true","false","","","false","true","1","false","RES-0177","","Low: stable ID preserved","Canonical record retained."
"RES-0178","Helium","Gas","Common","Space","7","1","1","1","1","Elements","Noble Gas","[object Object]","Gas;Common;Space;Noble Gas;He","Element","true","false","","","false","true","2","false","RES-0178","","Low: stable ID preserved","Canonical record retained."
"RES-0179","Ammonia","Gas/Chemical","Common","Space","12","1","1","1","1","Gases","Chemical Gases","","Gas/Chemical;Common;Space","Gas","true","false","","","false","false","","false","RES-0179","","Low: stable ID preserved","Canonical record retained."
"RES-0180","Methane","Gas/Chemical","Common","Space","15","1","1","1","1","Gases","Chemical Gases","","Gas/Chemical;Common;Space","Gas","true","false","","","false","false","","false","RES-0180","","Low: stable ID preserved","Canonical record retained."
"RES-0181","Hydrocarbons","Chemical","Common","Space","1","1","1","1","1","Chemicals and Compounds","Hydrocarbons","","Chemical;Common;Space","Compound","true","false","","","false","false","","false","RES-0181","","Low: stable ID preserved","Canonical record retained."
"RES-0182","Chemical Salts","Chemical","Common","Planetary","7","1","1","1","1","Chemicals and Compounds","Salts","","Chemical;Common;Planetary","Compound","true","false","","","false","false","","false","RES-0182","","Low: stable ID preserved","Canonical record retained."
"RES-0183","Rare Metals","Metal","Rare","Planetary","0","1","1","1","1","Ores","Critical Metal Ores","","Metal;Rare;Planetary","Ore","true","false","","","false","false","","false","RES-0183","","Low: stable ID preserved","Canonical record retained."
"RES-0184","Bio Gas Trace","Gas/Organic","Exotic","Space","1","1","1","1","1","Gases","Biological Gases","","Gas/Organic;Exotic;Space","Gas","true","false","","","false","false","","false","RES-0184","","Low: stable ID preserved","Canonical record retained."
"RES-0185","Storm Core","Energy","Exotic","Space","7","1","1","1","1","Energy Materials","Condensed Energy Cores","","Energy;Exotic;Space","Energy Material","true","false","geological","GEO-0017","false","false","","false","RES-0185","","Low: stable ID preserved","Canonical record retained."
"RES-0186","Exotic Ice","Ice","Exotic","Deep Space","8","1","1","1","1","Ices and Frozen Volatiles","Exotic Ices","","Ice;Exotic;Deep Space","Ice","true","false","","","false","false","","false","RES-0186","","Low: stable ID preserved","Canonical record retained."
"RES-0187","Quantum Gas Trace","Gas/Exotic","Exotic","Deep Space","1","1","1","1","1","Gases","Exotic Gases","","Gas/Exotic;Exotic;Deep Space","Gas","true","false","","","false","false","","false","RES-0187","","Low: stable ID preserved","Canonical record retained."
"RES-0188","Gravitonium Trace","Exotic","Exotic","Deep Space","1","1","1","1","1","Exotic Matter","Gravitic Matter","","Exotic;Deep Space","Exotic Matter","true","false","","","false","false","","false","RES-0188","","Low: stable ID preserved","Canonical record retained."
"RES-0189","Solar Energy","Energy","Common","Earth","0","1","1","1","1","Energy Materials","Stellar Energy","","Energy;Common;Earth","Energy Material","true","false","","","false","false","","false","RES-0189","","Low: stable ID preserved","Canonical record retained."
"RES-0190","Organic Compounds","Organic/Chemical","Common","Planetary","0","1","1","1","1","Organic Materials","Organic Compounds","","Organic/Chemical;Common;Planetary","Organic","true","false","","","false","false","","false","RES-0190","","Low: stable ID preserved","Canonical record retained."
"RES-0191","Fusion Fuel","Fuel","Uncommon","Space","0","1","1","1","1","Fuels","Fusion Fuels","","Fuel;Uncommon;Space","Fuel","true","false","","","false","false","","false","RES-0191","","Low: stable ID preserved","Canonical record retained."
"RES-0192","Survey Data","Data","Common","Space","0","1","1","1","1","Manufactured Components","Data Products","","Data;Common;Space","Manufactured Component","true","false","","","false","false","","false","RES-0192","","Low: stable ID preserved","Canonical record retained."
"RES-0193","Galactic Cartography","Data","Rare","Space","0","1","1","1","1","Manufactured Components","Data Products","","Data;Rare;Space","Manufactured Component","true","false","","","false","false","","false","RES-0193","","Low: stable ID preserved","Canonical record retained."
"RES-0194","Long Range Survey Data","Data","Uncommon","Space","0","1","1","1","1","Manufactured Components","Data Products","","Data;Uncommon;Space","Manufactured Component","true","false","","","false","false","","false","RES-0194","","Low: stable ID preserved","Canonical record retained."
"RES-PROFILE-ABYSSAL-PEARL","Abyssal Pearl","Planetary","Uncommon","Planetary","1","1","0","0","0","Crystals","Gemstones","","Planetary;Uncommon","Crystal","true","false","","","false","false","","false","RES-PROFILE-ABYSSAL-PEARL","","Low: stable ID preserved","Canonical record retained."
"RES-PROFILE-ABYSSAL-RELIC","Abyssal Relic","Archaeology","Uncommon","Planetary","1","1","0","0","0","Ancient Materials","Relic Materials","","Archaeology;Uncommon;Planetary","Ancient Material","true","false","","","false","false","","false","RES-PROFILE-ABYSSAL-RELIC","","Low: stable ID preserved","Canonical record retained."
"RES-PROFILE-ACIDIC-COMPOUNDS","Acidic Compounds","Planetary","Uncommon","Planetary","1","1","0","0","0","Chemicals and Compounds","Reactive Compounds","","Planetary;Uncommon","Compound","true","false","","","false","false","","false","RES-PROFILE-ACIDIC-COMPOUNDS","","Low: stable ID preserved","Canonical record retained."
"RES-PROFILE-ALIEN-ORGANICS-TRACE","Alien Organics Trace","Organic","Exotic","Planetary","3","1","0","0","0","Organic Materials","Organic Compounds","","Organic;Exotic;Planetary","Organic","true","false","","","false","false","","false","RES-PROFILE-ALIEN-ORGANICS-TRACE","","Low: stable ID preserved","Canonical record retained."
"RES-PROFILE-ALUMINUM-OXIDE","Aluminum Oxide","Planetary","Uncommon","Planetary","1","1","0","0","0","Chemicals and Compounds","Oxides","","Planetary;Uncommon","Compound","true","false","","","false","false","","false","RES-PROFILE-ALUMINUM-OXIDE","","Low: stable ID preserved","Canonical record retained."
"RES-PROFILE-ANCIENT-AI-FRAGMENT","Ancient AI Fragment","Archaeology","Uncommon","Planetary","1","1","0","0","0","Ancient Materials","Ancient Fragments","","Archaeology;Uncommon;Planetary","Ancient Material","true","false","","","false","false","","false","RES-PROFILE-ANCIENT-AI-FRAGMENT","","Low: stable ID preserved","Canonical record retained."
"RES-PROFILE-ANCIENT-BONE","Ancient Bone","Planetary","Uncommon","Planetary","3","1","0","0","0","Ancient Materials","Fossils and Remains","","Planetary;Uncommon","Ancient Material","true","false","","","false","false","","false","RES-PROFILE-ANCIENT-BONE","","Low: stable ID preserved","Canonical record retained."
"RES-PROFILE-ANCIENT-FOSSILS","Ancient Fossils","Archaeology","Uncommon","Planetary","1","1","0","0","0","Ancient Materials","Fossils and Remains","","Archaeology;Uncommon;Planetary","Ancient Material","true","false","","","false","false","","false","RES-PROFILE-ANCIENT-FOSSILS","","Low: stable ID preserved","Canonical record retained."
"RES-PROFILE-ASH-GLASS","Ash Glass","Planetary","Uncommon","Planetary","1","1","0","0","0","Rocks and Geological Materials","Natural Glass","","Planetary;Uncommon","Rock","true","false","","","false","false","","false","RES-PROFILE-ASH-GLASS","","Low: stable ID preserved","Canonical record retained."
"RES-PROFILE-AURORA-CORE","Aurora Core","Energy","Uncommon","Planetary","1","1","0","0","0","Energy Materials","Condensed Energy Cores","","Energy;Uncommon;Planetary","Energy Material","true","false","","","false","false","","false","RES-PROFILE-AURORA-CORE","","Low: stable ID preserved","Canonical record retained."
"RES-PROFILE-BATTLE-RELICS","Battle Relics","Archaeology","Uncommon","Planetary","1","1","0","0","0","Ancient Materials","Relic Materials","","Archaeology;Uncommon;Planetary","Ancient Material","true","false","","","false","false","","false","RES-PROFILE-BATTLE-RELICS","","Low: stable ID preserved","Canonical record retained."
"RES-PROFILE-BIO-GAS","Bio Gas","Gas","Uncommon","Planetary","1","1","0","0","0","Gases","Biological Gases","","Gas;Uncommon;Planetary","Gas","true","false","","","false","false","","false","RES-PROFILE-BIO-GAS","","Low: stable ID preserved","Canonical record retained."
"RES-PROFILE-BLUE-ICE","Blue Ice","Volatile","Uncommon","Planetary","1","1","0","0","0","Ices and Frozen Volatiles","Exotic Ices","","Volatile;Uncommon;Planetary","Ice","true","false","","","false","false","","false","RES-PROFILE-BLUE-ICE","","Low: stable ID preserved","Canonical record retained."
"RES-PROFILE-BORON","Boron","Planetary","Uncommon","Planetary","1","1","0","0","0","Elements","Metalloid","","Planetary;Uncommon;Metalloid;B","Element","true","false","","","false","true","5","false","RES-PROFILE-BORON","","Low: stable ID preserved","Canonical record retained."
"RES-PROFILE-BREATHSTONE","Breathstone","Planetary","Uncommon","Planetary","1","1","0","0","0","Rocks and Geological Materials","Exotic Geological Materials","","Planetary;Uncommon","Rock","true","false","","","false","false","","false","RES-PROFILE-BREATHSTONE","","Low: stable ID preserved","Canonical record retained."
"RES-PROFILE-CARBON","Carbon","Planetary","Uncommon","Planetary","4","1","0","0","0","Elements","Reactive Nonmetal","","Planetary;Uncommon;Reactive Nonmetal;C","Element","true","false","","","false","true","6","false","RES-PROFILE-CARBON","","Low: stable ID preserved","Canonical record retained."
"RES-PROFILE-CELLULAR-CORE","Cellular Core","Energy","Uncommon","Planetary","1","1","0","0","0","Biological Materials","Living Cores and Networks","","Energy;Uncommon;Planetary","Biological","true","false","","","false","false","","false","RES-PROFILE-CELLULAR-CORE","","Low: stable ID preserved","Canonical record retained."
"RES-PROFILE-CHARGED-STONE","Charged Stone","Planetary","Uncommon","Planetary","1","1","0","0","0","Rocks and Geological Materials","Exotic Geological Materials","","Planetary;Uncommon","Rock","true","false","","","false","false","","false","RES-PROFILE-CHARGED-STONE","","Low: stable ID preserved","Canonical record retained."
"RES-PROFILE-CHEMICAL-SOLVENTS","Chemical Solvents","Planetary","Uncommon","Planetary","1","1","0","0","0","Liquids","Industrial Solvents","","Planetary;Uncommon","Liquid","true","false","","","false","false","","false","RES-PROFILE-CHEMICAL-SOLVENTS","","Low: stable ID preserved","Canonical record retained."
"RES-PROFILE-CHEMICAL-WASTE","Chemical Waste","Planetary","Uncommon","Planetary","1","1","0","0","0","Chemicals and Compounds","Chemical Waste","","Planetary;Uncommon","Compound","true","false","","","false","false","","false","RES-PROFILE-CHEMICAL-WASTE","","Low: stable ID preserved","Canonical record retained."
"RES-PROFILE-COLLECTIVE-MIND-FRAGMENT","Collective Mind Fragment","Archaeology","Uncommon","Planetary","1","1","0","0","0","Ancient Materials","Ancient Fragments","","Archaeology;Uncommon;Planetary","Ancient Material","true","false","","","false","false","","false","RES-PROFILE-COLLECTIVE-MIND-FRAGMENT","","Low: stable ID preserved","Canonical record retained."
"RES-PROFILE-CORROSIVE-ENZYME","Corrosive Enzyme","Planetary","Uncommon","Planetary","3","1","0","0","0","Biological Materials","Biochemical Agents","","Planetary;Uncommon","Biological","true","false","","","false","false","","false","RES-PROFILE-CORROSIVE-ENZYME","","Low: stable ID preserved","Canonical record retained."
"RES-PROFILE-CORROSIVE-FLUIDS","Corrosive Fluids","Planetary","Uncommon","Planetary","1","1","0","0","0","Liquids","Hazardous Liquids","","Planetary;Uncommon","Liquid","true","false","","","false","false","","false","RES-PROFILE-CORROSIVE-FLUIDS","","Low: stable ID preserved","Canonical record retained."
"RES-PROFILE-CRYO-CORE","Cryo Core","Energy","Uncommon","Planetary","1","1","0","0","0","Energy Materials","Condensed Energy Cores","","Energy;Uncommon;Planetary","Energy Material","true","false","","","false","false","","false","RES-PROFILE-CRYO-CORE","","Low: stable ID preserved","Canonical record retained."
"RES-PROFILE-DARK-CRYSTAL-TRACE","Dark Crystal Trace","Crystal","Exotic","Planetary","1","1","0","0","0","Crystals","Exotic Crystals","","Crystal;Exotic;Planetary","Crystal","true","false","","","false","false","","false","RES-PROFILE-DARK-CRYSTAL-TRACE","","Low: stable ID preserved","Canonical record retained."
"RES-PROFILE-DARK-MATTER-TRACE","Dark Matter Trace","Planetary","Exotic","Planetary","5","1","0","0","0","Exotic Matter","Dark and Negative Matter","","Planetary;Exotic","Exotic Matter","true","false","","","false","false","","false","RES-PROFILE-DARK-MATTER-TRACE","","Low: stable ID preserved","Canonical record retained."
"RES-PROFILE-DEEP-CORE-MINERALS","Deep Core Minerals","Energy","Uncommon","Planetary","1","1","0","0","0","Energy Materials","Condensed Energy Cores","","Energy;Uncommon;Planetary","Energy Material","true","false","","","false","false","","false","RES-PROFILE-DEEP-CORE-MINERALS","","Low: stable ID preserved","Canonical record retained."
"RES-PROFILE-DEEP-CRYSTAL-CORE","Deep Crystal Core","Energy","Uncommon","Planetary","1","1","0","0","0","Crystals","General Crystals","","Energy;Uncommon;Planetary","Crystal","true","false","","","false","false","","false","RES-PROFILE-DEEP-CRYSTAL-CORE","","Low: stable ID preserved","Canonical record retained."
"RES-PROFILE-DUST","Dust","Planetary","Uncommon","Planetary","3","1","0","0","0","Rocks and Geological Materials","Sediments and Soils","","Planetary;Uncommon","Rock","true","false","","","false","false","","false","RES-PROFILE-DUST","","Low: stable ID preserved","Canonical record retained."
"RES-PROFILE-ENTROPY-SHARD","Entropy Shard","Planetary","Uncommon","Planetary","2","1","0","0","0","Exotic Matter","Reality-Bending Matter","","Planetary;Uncommon","Exotic Matter","true","false","","","false","false","","false","RES-PROFILE-ENTROPY-SHARD","","Low: stable ID preserved","Canonical record retained."
"RES-PROFILE-EVOLUTION-CORE","Evolution Core","Energy","Uncommon","Planetary","1","1","0","0","0","Energy Materials","Condensed Energy Cores","","Energy;Uncommon;Planetary","Energy Material","true","false","","","false","false","","false","RES-PROFILE-EVOLUTION-CORE","","Low: stable ID preserved","Canonical record retained."
"RES-PROFILE-EXOTIC-MATTER-TRACE","Exotic Matter Trace","Planetary","Exotic","Planetary","2","1","0","0","0","Exotic Matter","General Exotic Matter","","Planetary;Exotic","Exotic Matter","true","false","","","false","false","","false","RES-PROFILE-EXOTIC-MATTER-TRACE","","Low: stable ID preserved","Canonical record retained."
"RES-PROFILE-FOSSILS","Fossils","Archaeology","Uncommon","Planetary","4","1","0","0","0","Ancient Materials","Fossils and Remains","","Archaeology;Uncommon;Planetary","Ancient Material","true","false","","","false","false","","false","RES-PROFILE-FOSSILS","","Low: stable ID preserved","Canonical record retained."
"RES-PROFILE-FRACTURED-ICE","Fractured Ice","Volatile","Uncommon","Planetary","1","1","0","0","0","Ices and Frozen Volatiles","Exotic Ices","","Volatile;Uncommon;Planetary","Ice","true","false","","","false","false","","false","RES-PROFILE-FRACTURED-ICE","","Low: stable ID preserved","Canonical record retained."
"RES-PROFILE-FRACTURED-STONE","Fractured Stone","Planetary","Uncommon","Planetary","1","1","0","0","0","Rocks and Geological Materials","Exotic Geological Materials","","Planetary;Uncommon","Rock","true","false","","","false","false","","false","RES-PROFILE-FRACTURED-STONE","","Low: stable ID preserved","Canonical record retained."
"RES-PROFILE-FUSION-CATALYST","Fusion Catalyst","Energy","Uncommon","Planetary","4","1","0","0","0","Energy Materials","Energy Catalysts","","Energy;Uncommon;Planetary","Energy Material","true","false","","","false","false","","false","RES-PROFILE-FUSION-CATALYST","","Low: stable ID preserved","Canonical record retained."
"RES-PROFILE-GENESIS-BIOMASS-TRACE","Genesis Biomass Trace","Organic","Exotic","Planetary","3","1","0","0","0","Genesis Matter","Genesis Biological Matter","","Organic;Exotic;Planetary","Genesis Matter","true","false","","","false","false","","false","RES-PROFILE-GENESIS-BIOMASS-TRACE","","Low: stable ID preserved","Canonical record retained."
"RES-PROFILE-GENESIS-CRYSTAL-TRACE","Genesis Crystal Trace","Crystal","Exotic","Planetary","2","1","0","0","0","Genesis Matter","Genesis Crystals","","Crystal;Exotic;Planetary","Genesis Matter","true","false","","","false","false","","false","RES-PROFILE-GENESIS-CRYSTAL-TRACE","","Low: stable ID preserved","Canonical record retained."
"RES-PROFILE-GENESIS-GENOME-TRACE","Genesis Genome Trace","Planetary","Exotic","Planetary","2","1","0","0","0","Genesis Matter","Genesis Biological Matter","","Planetary;Exotic","Genesis Matter","true","false","","","false","false","","false","RES-PROFILE-GENESIS-GENOME-TRACE","","Low: stable ID preserved","Canonical record retained."
"RES-PROFILE-GLOW-CORE","Glow Core","Energy","Uncommon","Planetary","1","1","0","0","0","Biological Materials","Living Cores and Networks","","Energy;Uncommon;Planetary","Biological","true","false","","","false","false","","false","RES-PROFILE-GLOW-CORE","","Low: stable ID preserved","Canonical record retained."
"RES-PROFILE-HARMONY-FRAGMENT","Harmony Fragment","Archaeology","Uncommon","Planetary","4","1","0","0","0","Ancient Materials","Ancient Fragments","","Archaeology;Uncommon;Planetary","Ancient Material","true","false","","","false","false","","false","RES-PROFILE-HARMONY-FRAGMENT","","Low: stable ID preserved","Canonical record retained."
"RES-PROFILE-HELIUM-3-TRACE","Helium-3 Trace","Planetary","Exotic","Planetary","1","1","0","0","0","Isotopes","Helium and Solar Isotopes","","Planetary;Exotic","Isotope","true","false","","","false","false","","false","RES-PROFILE-HELIUM-3-TRACE","","Low: stable ID preserved","Canonical record retained."
"RES-PROFILE-HIVE-CORE","Hive Core","Energy","Uncommon","Planetary","1","1","0","0","0","Biological Materials","Living Cores and Networks","","Energy;Uncommon;Planetary","Biological","true","false","","","false","false","","false","RES-PROFILE-HIVE-CORE","","Low: stable ID preserved","Canonical record retained."
"RES-PROFILE-INDUSTRIAL-SCRAP","Industrial Scrap","Planetary","Uncommon","Planetary","1","1","0","0","0","Manufactured Components","Industrial Salvage","","Planetary;Uncommon","Manufactured Component","true","false","","","false","false","","false","RES-PROFILE-INDUSTRIAL-SCRAP","","Low: stable ID preserved","Canonical record retained."
"RES-PROFILE-INFINITE-CRYSTAL","Infinite Crystal","Crystal","Exotic","Planetary","2","1","0","0","0","Crystals","Exotic Crystals","","Crystal;Exotic;Planetary","Crystal","true","false","rare-collections-and-wonders","WON-0397","false","false","","false","RES-PROFILE-INFINITE-CRYSTAL","","Low: stable ID preserved","Canonical record retained."
"RES-PROFILE-INFINITE-ENERGY-TRACE","Infinite Energy Trace","Energy","Exotic","Planetary","2","1","0","0","0","Energy Materials","Infinite Energy","","Energy;Exotic;Planetary","Energy Material","true","false","","","false","false","","false","RES-PROFILE-INFINITE-ENERGY-TRACE","","Low: stable ID preserved","Canonical record retained."
"RES-PROFILE-ION-CORE","Ion Core","Energy","Uncommon","Planetary","1","1","0","0","0","Energy Materials","Condensed Energy Cores","","Energy;Uncommon;Planetary","Energy Material","true","false","","","false","false","","false","RES-PROFILE-ION-CORE","","Low: stable ID preserved","Canonical record retained."
"RES-PROFILE-IRON-NODULES","Iron Nodules","Planetary","Uncommon","Planetary","1","1","0","0","0","Ores","Metal Ores","","Planetary;Uncommon","Ore","true","false","","","false","false","","false","RES-PROFILE-IRON-NODULES","","Low: stable ID preserved","Canonical record retained."
"RES-PROFILE-LITHIUM-BRINE","Lithium Brine","Planetary","Uncommon","Planetary","1","1","0","0","0","Liquids","Saline Liquids","","Planetary;Uncommon","Liquid","true","false","","","false","false","","false","RES-PROFILE-LITHIUM-BRINE","","Low: stable ID preserved","Canonical record retained."
"RES-PROFILE-LIVING-BIOMASS-TRACE","Living Biomass Trace","Organic","Exotic","Planetary","2","1","0","0","0","Biological Materials","Biomass","","Organic;Exotic;Planetary","Biological","true","false","","","false","false","","false","RES-PROFILE-LIVING-BIOMASS-TRACE","","Low: stable ID preserved","Canonical record retained."
"RES-PROFILE-LIVING-CORE","Living Core","Energy","Uncommon","Planetary","3","1","0","0","0","Biological Materials","Living Cores and Networks","","Energy;Uncommon;Planetary","Biological","true","false","","","false","false","","false","RES-PROFILE-LIVING-CORE","","Low: stable ID preserved","Canonical record retained."
"RES-PROFILE-LIVING-CRYSTAL","Living Crystal","Crystal","Uncommon","Planetary","1","1","0","0","0","Crystals","Living Crystals","","Crystal;Uncommon;Planetary","Crystal","true","false","","","false","false","","false","RES-PROFILE-LIVING-CRYSTAL","","Low: stable ID preserved","Canonical record retained."
"RES-PROFILE-LIVING-NETWORK","Living Network","Planetary","Uncommon","Planetary","1","1","0","0","0","Biological Materials","Living Cores and Networks","","Planetary;Uncommon","Biological","true","false","","","false","false","","false","RES-PROFILE-LIVING-NETWORK","","Low: stable ID preserved","Canonical record retained."
"RES-PROFILE-LIVING-REEF-CORE","Living Reef Core","Energy","Uncommon","Planetary","1","1","0","0","0","Biological Materials","Coral Materials","","Energy;Uncommon;Planetary","Biological","true","false","","","false","false","","false","RES-PROFILE-LIVING-REEF-CORE","","Low: stable ID preserved","Canonical record retained."
"RES-PROFILE-LIVING-TISSUE","Living Tissue","Organic","Uncommon","Planetary","1","1","0","0","0","Biological Materials","Biological Tissues","","Organic;Uncommon;Planetary","Biological","true","false","","","false","false","","false","RES-PROFILE-LIVING-TISSUE","","Low: stable ID preserved","Canonical record retained."
"RES-PROFILE-MAGMA-CORE","Magma Core","Energy","Uncommon","Planetary","4","1","0","0","0","Energy Materials","Condensed Energy Cores","","Energy;Uncommon;Planetary","Energy Material","true","false","","","false","false","","false","RES-PROFILE-MAGMA-CORE","","Low: stable ID preserved","Canonical record retained."
"RES-PROFILE-MAGNESIUM","Magnesium","Planetary","Uncommon","Planetary","9","1","0","0","0","Elements","Alkaline Earth Metal","","Planetary;Uncommon;Alkaline Earth Metal;Mg","Element","true","false","","","false","true","12","false","RES-PROFILE-MAGNESIUM","","Low: stable ID preserved","Canonical record retained."
"RES-PROFILE-MUTATION-CORE","Mutation Core","Energy","Uncommon","Planetary","1","1","0","0","0","Energy Materials","Condensed Energy Cores","","Energy;Uncommon;Planetary","Energy Material","true","false","","","false","false","","false","RES-PROFILE-MUTATION-CORE","","Low: stable ID preserved","Canonical record retained."
"RES-PROFILE-MYCELIUM-CORE","Mycelium Core","Energy","Uncommon","Planetary","1","1","0","0","0","Biological Materials","Living Cores and Networks","","Energy;Uncommon;Planetary","Biological","true","false","","","false","false","","false","RES-PROFILE-MYCELIUM-CORE","","Low: stable ID preserved","Canonical record retained."
"RES-PROFILE-NEGATIVE-MATTER","Negative Matter","Planetary","Uncommon","Planetary","1","1","0","0","0","Exotic Matter","Dark and Negative Matter","","Planetary;Uncommon","Exotic Matter","true","false","","","false","false","","false","RES-PROFILE-NEGATIVE-MATTER","","Low: stable ID preserved","Canonical record retained."
"RES-PROFILE-OCEAN-PEARL","Ocean Pearl","Planetary","Uncommon","Planetary","5","1","0","0","0","Crystals","Gemstones","","Planetary;Uncommon","Crystal","true","false","","","false","false","","false","RES-PROFILE-OCEAN-PEARL","","Low: stable ID preserved","Canonical record retained."
"RES-PROFILE-PARASITE-CORE","Parasite Core","Energy","Uncommon","Planetary","1","1","0","0","0","Biological Materials","Living Cores and Networks","","Energy;Uncommon;Planetary","Biological","true","false","","","false","false","","false","RES-PROFILE-PARASITE-CORE","","Low: stable ID preserved","Canonical record retained."
"RES-PROFILE-PLANET-SEED-TRACE","Planet Seed Trace","Planetary","Exotic","Planetary","2","1","0","0","0","Primordial Matter","World Seeds","","Planetary;Exotic","Primordial Matter","true","false","","","false","false","","false","RES-PROFILE-PLANET-SEED-TRACE","","Low: stable ID preserved","Canonical record retained."
"RES-PROFILE-PLANETARY-DEFENSE-MATRIX","Planetary Defense Matrix","Planetary","Uncommon","Planetary","1","1","0","0","0","Manufactured Components","Defense Systems","","Planetary;Uncommon","Manufactured Component","true","false","","","false","false","","false","RES-PROFILE-PLANETARY-DEFENSE-MATRIX","","Low: stable ID preserved","Canonical record retained."
"RES-PROFILE-POTASH","Potash","Planetary","Uncommon","Planetary","1","1","0","0","0","Rocks and Geological Materials","Volcanic Materials","","Planetary;Uncommon","Rock","true","false","","","false","false","","false","RES-PROFILE-POTASH","","Low: stable ID preserved","Canonical record retained."
"RES-PROFILE-PRIME-MATTER","Prime Matter","Planetary","Uncommon","Planetary","3","1","0","0","0","Primordial Matter","Prime Matter","","Planetary;Uncommon","Primordial Matter","true","false","","","false","false","","false","RES-PROFILE-PRIME-MATTER","","Low: stable ID preserved","Canonical record retained."
"RES-PROFILE-QUANTUM-ORE-TRACE","Quantum Ore Trace","Planetary","Exotic","Planetary","4","1","0","0","0","Ores","Exotic Ores","","Planetary;Exotic","Ore","true","false","","","false","false","","false","RES-PROFILE-QUANTUM-ORE-TRACE","","Low: stable ID preserved","Canonical record retained."
"RES-PROFILE-RARE-CRYSTAL-TRACE","Rare Crystal Trace","Crystal","Exotic","Planetary","2","1","0","0","0","Crystals","General Crystals","","Crystal;Exotic;Planetary","Crystal","true","false","","","false","false","","false","RES-PROFILE-RARE-CRYSTAL-TRACE","","Low: stable ID preserved","Canonical record retained."
"RES-PROFILE-REGENERATIVE-TISSUE","Regenerative Tissue","Organic","Uncommon","Planetary","2","1","0","0","0","Biological Materials","Biological Tissues","","Organic;Uncommon;Planetary","Biological","true","false","","","false","false","","false","RES-PROFILE-REGENERATIVE-TISSUE","","Low: stable ID preserved","Canonical record retained."
"RES-PROFILE-ROOT-CORE","Root Core","Energy","Uncommon","Planetary","1","1","0","0","0","Biological Materials","Living Cores and Networks","","Energy;Uncommon;Planetary","Biological","true","false","","","false","false","","false","RES-PROFILE-ROOT-CORE","","Low: stable ID preserved","Canonical record retained."
"RES-PROFILE-SALT-WATER","Salt Water","Volatile","Uncommon","Planetary","11","1","0","0","0","Liquids","Saline Liquids","","Volatile;Uncommon;Planetary","Liquid","true","false","","","false","false","","false","RES-PROFILE-SALT-WATER","","Low: stable ID preserved","Canonical record retained."
"RES-PROFILE-SANDSTONE","Sandstone","Planetary","Uncommon","Planetary","2","1","0","0","0","Rocks and Geological Materials","Sediments and Soils","","Planetary;Uncommon","Rock","true","false","","","false","false","","false","RES-PROFILE-SANDSTONE","","Low: stable ID preserved","Canonical record retained."
"RES-PROFILE-SHADOW-CORE","Shadow Core","Energy","Uncommon","Planetary","1","1","0","0","0","Exotic Matter","General Exotic Matter","","Energy;Uncommon;Planetary","Exotic Matter","true","false","","","false","false","","false","RES-PROFILE-SHADOW-CORE","","Low: stable ID preserved","Canonical record retained."
"RES-PROFILE-SHIELD-CORE","Shield Core","Energy","Uncommon","Planetary","1","1","0","0","0","Energy Materials","Condensed Energy Cores","","Energy;Uncommon;Planetary","Energy Material","true","false","","","false","false","","false","RES-PROFILE-SHIELD-CORE","","Low: stable ID preserved","Canonical record retained."
"RES-PROFILE-SNOW","Snow","Volatile","Uncommon","Planetary","2","1","0","0","0","Ices and Frozen Volatiles","Water Ice","","Volatile;Uncommon;Planetary","Ice","true","false","","","false","false","","false","RES-PROFILE-SNOW","","Low: stable ID preserved","Canonical record retained."
"RES-PROFILE-SPORE-CORE","Spore Core","Energy","Uncommon","Planetary","1","1","0","0","0","Biological Materials","Living Cores and Networks","","Energy;Uncommon;Planetary","Biological","true","false","","","false","false","","false","RES-PROFILE-SPORE-CORE","","Low: stable ID preserved","Canonical record retained."
"RES-PROFILE-STORM-WATER","Storm Water","Volatile","Uncommon","Planetary","1","1","0","0","0","Liquids","Fresh and Atmospheric Water","","Volatile;Uncommon;Planetary","Liquid","true","false","","","false","false","","false","RES-PROFILE-STORM-WATER","","Low: stable ID preserved","Canonical record retained."
"RES-PROFILE-SYMBIOSIS-CORE","Symbiosis Core","Energy","Uncommon","Planetary","1","1","0","0","0","Biological Materials","Living Cores and Networks","","Energy;Uncommon;Planetary","Biological","true","false","","","false","false","","false","RES-PROFILE-SYMBIOSIS-CORE","","Low: stable ID preserved","Canonical record retained."
"RES-PROFILE-TOXIC-CATALYST","Toxic Catalyst","Planetary","Uncommon","Planetary","11","1","0","0","0","Chemicals and Compounds","Catalysts","","Planetary;Uncommon","Compound","true","false","","","false","false","","false","RES-PROFILE-TOXIC-CATALYST","","Low: stable ID preserved","Canonical record retained."
"RES-PROFILE-TOXIC-GAS","Toxic Gas","Gas","Uncommon","Planetary","2","1","0","0","0","Gases","Toxic Gases","","Gas;Uncommon;Planetary","Gas","true","false","","","false","false","","false","RES-PROFILE-TOXIC-GAS","","Low: stable ID preserved","Canonical record retained."
"RES-PROFILE-TOXIC-WATER","Toxic Water","Volatile","Uncommon","Planetary","4","1","0","0","0","Liquids","Hazardous Liquids","","Volatile;Uncommon;Planetary","Liquid","true","false","","","false","false","","false","RES-PROFILE-TOXIC-WATER","","Low: stable ID preserved","Canonical record retained."
"RES-PROFILE-UNIVERSAL-ANOMALY","Universal Anomaly","Planetary","Uncommon","Planetary","1","1","0","0","0","Exotic Matter","Reality-Bending Matter","","Planetary;Uncommon","Exotic Matter","true","false","","","false","false","","false","RES-PROFILE-UNIVERSAL-ANOMALY","","Low: stable ID preserved","Canonical record retained."
"RES-PROFILE-VOID-ORGANICS-TRACE","Void Organics Trace","Organic","Exotic","Planetary","1","1","0","0","0","Organic Materials","Organic Compounds","","Organic;Exotic;Planetary","Organic","true","false","","","false","false","","false","RES-PROFILE-VOID-ORGANICS-TRACE","","Low: stable ID preserved","Canonical record retained."
"RES-PROFILE-VOLCANIC-GLASS","Volcanic Glass","Planetary","Uncommon","Planetary","2","1","0","0","0","Rocks and Geological Materials","Natural Glass","","Planetary;Uncommon","Rock","true","false","","","false","false","","false","RES-PROFILE-VOLCANIC-GLASS","","Low: stable ID preserved","Canonical record retained."
"RES-PROFILE-WATER-ICE-TRACE","Water Ice Trace","Volatile","Exotic","Planetary","1","1","0","0","0","Ices and Frozen Volatiles","Water Ice","","Volatile;Exotic;Planetary","Ice","true","false","","","false","false","","false","RES-PROFILE-WATER-ICE-TRACE","","Low: stable ID preserved","Canonical record retained."
"RES-PROFILE-WATER-ICE-VAPOR","Water Ice Vapor","Volatile","Uncommon","Planetary","1","1","0","0","0","Ices and Frozen Volatiles","Water Ice","","Volatile;Uncommon;Planetary","Ice","true","false","","","false","false","","false","RES-PROFILE-WATER-ICE-VAPOR","","Low: stable ID preserved","Canonical record retained."
"RES-PROFILE-WHITE-SALT-CRYSTAL","White Salt Crystal","Crystal","Uncommon","Planetary","1","1","0","0","0","Crystals","General Crystals","","Crystal;Uncommon;Planetary","Crystal","true","false","","","false","false","","false","RES-PROFILE-WHITE-SALT-CRYSTAL","","Low: stable ID preserved","Canonical record retained."
"RES-PROFILE-WORLD-SEED","World Seed","Planetary","Uncommon","Planetary","2","1","0","0","0","Primordial Matter","World Seeds","","Planetary;Uncommon","Primordial Matter","true","false","","","false","false","","false","RES-PROFILE-WORLD-SEED","","Low: stable ID preserved","Canonical record retained."
"RES-0108","Ancient Circuit","Ancient Tech","Relic","Ancient","8","0","0","0","1","","","","","","false","true","ancient-relics","DISC-MIGRATED-0108","false","false","","true","RES-0100","DISC-MIGRATED-0108","Medium: explicit inventory and generated-planet migration required","Ancient Circuit is a unique found object, not a repeatable economic material."
"RES-0109","Relic Fragments","Artifact","Relic","Ancient","6","0","0","0","1","","","","","","false","true","ancient-relics","DISC-MIGRATED-0109","false","false","","true","RES-0106","DISC-MIGRATED-0109","Medium: explicit inventory and generated-planet migration required","Relic Fragments is a unique found object, not a repeatable economic material."
"RES-0110","Temple Stone","Artifact/Mineral","Relic","Ancient","5","0","0","0","1","","","","","","false","true","ruins-and-structures","DISC-MIGRATED-0110","false","false","","true","RES-0001","DISC-MIGRATED-0110","Medium: explicit inventory and generated-planet migration required","Temple Stone is a unique found object, not a repeatable economic material."
"RES-0111","Lost Archive","Artifact/Data","Relic","Ancient","5","0","0","0","1","","","","","","false","true","ancient-relics","DISC-MIGRATED-0111","false","false","","true","RES-0192","DISC-MIGRATED-0111","Medium: explicit inventory and generated-planet migration required","Lost Archive is a unique found object, not a repeatable economic material."
"RES-0112","Ancient Memory Crystal","Artifact/Data","Relic","Ancient","3","0","0","0","1","","","","","","false","true","ancient-relics","DISC-MIGRATED-0112","false","false","","true","RES-0101","DISC-MIGRATED-0112","Medium: explicit inventory and generated-planet migration required","Ancient Memory Crystal is a unique found object, not a repeatable economic material."
"RES-0113","Machine Relic","Artifact/Tech","Relic","Ancient","5","0","0","0","1","","","","","","false","true","ancient-relics","DISC-MIGRATED-0113","false","false","","true","RES-0099","DISC-MIGRATED-0113","Medium: explicit inventory and generated-planet migration required","Machine Relic is a unique found object, not a repeatable economic material."
"RES-0114","Empire Seal","Artifact","Relic","Ancient","3","0","0","0","1","","","","","","false","true","ancient-relics","DISC-MIGRATED-0114","false","false","","true","RES-0106","DISC-MIGRATED-0114","Medium: explicit inventory and generated-planet migration required","Empire Seal is a unique found object, not a repeatable economic material."
"RES-0115","Harmony Tablet","Artifact","Relic","Ancient","2","0","0","0","1","","","","","","false","true","ancient-relics","DISC-MIGRATED-0115","false","false","","true","RES-0101","DISC-MIGRATED-0115","Medium: explicit inventory and generated-planet migration required","Harmony Tablet is a unique found object, not a repeatable economic material."
"RES-0116","Void Tablet","Artifact/Cosmic","Relic","Ancient","1","0","0","0","1","","","","","","false","true","ancient-relics","REL-0149","false","false","","true","RES-0080","REL-0149","Medium: explicit inventory and generated-planet migration required","Void Tablet is a unique found object, not a repeatable economic material."
"RES-0117","First Civilization Artifact","Artifact","Relic","Ancient","4","0","0","0","1","","","","","","false","true","ancient-relics","DISC-MIGRATED-0117","false","false","","true","RES-0106","DISC-MIGRATED-0117","Medium: explicit inventory and generated-planet migration required","First Civilization Artifact is a unique found object, not a repeatable economic material."
"RES-0118","Ancient Reactor","Ancient Tech","Relic","Ancient","0","0","0","0","1","","","","","","false","true","ruins-and-structures","DISC-MIGRATED-0118","false","false","","true","RES-0102","DISC-MIGRATED-0118","Medium: explicit inventory and generated-planet migration required","Ancient Reactor is a unique found object, not a repeatable economic material."
"RES-0119","Relic Core","Artifact/Core","Relic","Ancient","1","0","0","0","1","","","","","","false","true","ancient-relics","DISC-MIGRATED-0119","false","false","","true","RES-0102","DISC-MIGRATED-0119","Medium: explicit inventory and generated-planet migration required","Relic Core is a unique found object, not a repeatable economic material."
"RES-0120","Lost Star Map","Artifact/Data","Relic","Ancient","1","0","0","0","1","","","","","","false","true","ancient-relics","DISC-MIGRATED-0120","false","false","","true","RES-0193","DISC-MIGRATED-0120","Medium: explicit inventory and generated-planet migration required","Lost Star Map is a unique found object, not a repeatable economic material."
"RES-0121","Arcology Blueprint","Artifact/Data","Relic","Ancient","2","0","0","0","1","","","","","","false","true","ancient-relics","DISC-MIGRATED-0121","false","false","","true","RES-0092","DISC-MIGRATED-0121","Medium: explicit inventory and generated-planet migration required","Arcology Blueprint is a unique found object, not a repeatable economic material."
"RES-0122","City Core","Artifact/Core","Relic","Ancient","2","0","0","0","1","","","","","","false","true","ruins-and-structures","DISC-MIGRATED-0122","false","false","","true","RES-0092","DISC-MIGRATED-0122","Medium: explicit inventory and generated-planet migration required","City Core is a unique found object, not a repeatable economic material."
"RES-0123","War Core","Artifact/Core","Relic","Ancient","1","0","0","0","1","","","","","","false","true","ancient-relics","DISC-MIGRATED-0123","false","false","","true","RES-0093","DISC-MIGRATED-0123","Medium: explicit inventory and generated-planet migration required","War Core is a unique found object, not a repeatable economic material."
"RES-0124","Capital Core","Artifact/Core","Relic","Ancient","1","0","0","0","1","","","","","","false","true","ruins-and-structures","DISC-MIGRATED-0124","false","false","","true","RES-0092","DISC-MIGRATED-0124","Medium: explicit inventory and generated-planet migration required","Capital Core is a unique found object, not a repeatable economic material."
"RES-0125","Universal Knowledge Fragment","Artifact/Data","Relic","Ancient","1","0","0","0","1","","","","","","false","true","ancient-relics","DISC-MIGRATED-0125","false","false","","true","RES-0101","DISC-MIGRATED-0125","Medium: explicit inventory and generated-planet migration required","Universal Knowledge Fragment is a unique found object, not a repeatable economic material."
